id,title,is_enable,related_text
v2,加奈…欢迎回来!!,true,
v3,传颂之物,true,
v4,CLANNAD,true,
v5,Little Busters!,true,{Little Busters}
v7,月姫,true,
v12,智代After ～It's a Wonderful Life～,true,{智代After}
v13,无限轮回的时光,true,
v14,School Days,true,
v17,时空轮回,false,
v23,终有一日愿遂彼空,true,{愿遂彼空}
v24,海猫鸣泣之时,true,
v33,Kanon,true,
v34,planetarian～小小的星之梦～,true,"{planetarian,星之梦}"
v36,AIR,false,
v37,腐姫 ～euthanasia～,true,"{腐姫,euthanasia}"
v38,交响乐之雨,true,
v51,ONE～光辉的季节～,true,{光辉的季节}
v57,车轮之国，向日葵的少女,true,
v66,CROSS†CHANNEL,true,{CROSS CHANNEL}
v67,寒蝉鸣泣之时 出题篇,true,{寒蝉鸣泣之时}
v68,寒蝉鸣泣之时解,true,
v79,真实之泪,true,
v80,夜月东升·暮日西沉~Operation Sanctuary~,true,"{夜月东升,暮日西沉}"
v84,"车轮之国, 悠久之少年少女",true,"{车轮之国,悠久之少年少女}"
v94,你所期望的永远,true,
v97,沙耶之歌,true,
v98,红线,false,
v99,水夏,false,
v114,Discipline -The Record of a Crusade-,true,
v155,家族计划,true,
v158,雷之战士莱蒂 破邪的雷光,true,{雷之战士莱蒂}
v163,阿特拉克=纳克亚,true,{阿特拉克}
v177,漫画同人会,false,
v179,春天的足音,true,
v182,青空下的约定,true,
v183,鬼哭街 - The Cyber Slayer,true,{鬼哭街}
v185,同级生,true,
v192,水色,false,
v198,Princess Holiday～回转苹果亭的一千零一夜～,true,{回转苹果亭的一千零一夜}
v210,向日葵-天空鹅卵石,true,{天空鹅卵石}
v211,G弦上的魔王,true,
v219,青涩宝贝,true,
v220,青涩宝贝 2,true,
v231,斩魔大圣Demonbane,true,{斩魔大圣}
v232,更胜黎明前的琉璃色,true,
v236,白色相簿,true,
v240,无颜之月,true,
v247,跳跃的时空 12RIVEN,true,{12RIVEN}
v250,秋色正浓的～夕阳色的商店街～,true,
v310,恋之童谣,true,
v382,Chaos;Head,true,{Chaos Head}
v400,尘骸魔京,true,
v415,世界上最NG的恋爱,true,
v417,赫炎的印加诺克,true,
v420,明日的世界,true,
v428,续杀戮姜戈--地狱通缉犯,true,"{续杀戮姜戈,地狱通缉犯}"
v430,刃鸣散,true,
v434,咎狗之血,true,
v470,媚肉之香,true,
v487,战国兰斯,true,{兰斯}
v499,邪夜将至,true,
v515,恋狱～月狂病～,true,"{恋狱,月狂病}"
v532,管乐恋曲！,true,{管乐恋曲}
v556,新世纪福音战士：钢铁女友,true,{新世纪福音战士}
v562,樱之诗－在樱花之森上飞舞－,true,{樱之诗}
v566,四叶草,false,
v584,她们的流仪,true,
v585,我不是天使,true,
v602,Cannonball～猫猫疯狂大赛车～,true,{猫猫疯狂大赛车}
v604,仰望那份遥远的美丽,true,
v629,晓之护卫,true,
v657,盛开的钢琴之森下,true,
v660,雪影-setsuei-,true,
v683,女仆咖啡帕露菲,true,
v689,MagusTale～世界树与恋爱的魔法使～,true,"{MagusTale,世界树与恋爱的魔法使}"
v701,夏空彼方,true,
v710,青城,false,
v711,逆转裁判,true,
v715,逆转裁判2,true,
v716,逆转裁判3,true,
v717,逆转裁判4,true,
v718,异色代码 双重记忆,true,
v727,美少女梦工厂4,true,{美少女梦工厂}
v728,美少女梦工厂5,true,
v729,11eyes -罪与罚与赎的少女-,true,"{11eyes,罪与罚与赎的少女}"
v731,对魔忍阿莎姬,true,{对魔忍}
v732,凉宫春日的约定,true,
v746,学校发生过的恐怖故事VNV,true,
v765,公主恋人,true,
v768,战女神ZERO,true,
v776,智以泪聚,true,
v777,魔法使之夜,true,
v793,超极糖果～王道自有王道的理由～,true,
v799,发明工坊之原点 ～Tristia:legacy～,true,
v810,壳之少女,true,
v843,迷走都市,true,
v849,斗神都市 3,true,{斗神都市}
v875,秘密的时间,true,
v887,妻管严,false,
v916,和之匣,true,
v922,花吻在上-我的王子大人,true,{花吻在上}
v925,亲吻那片花瓣 ～恋人的羁绊～,true,{亲吻那片花瓣}
v926,亲吻那片花瓣 ～珍爱的相片～,true,
v938,亲吻那片花瓣 ～爱上你的幸福～,true,
v945,片轮少女,true,
v1010,手机天使,true,
v1027,漆黑的夏尔诺斯～何等美好的明日～,true,{漆黑的夏尔诺斯}
v1115,繁花落舞恋如樱,true,
v1125,妻中蜜,true,
v1143,认真和我谈恋爱！！,true,
v1152,秋之回忆,true,
v1153,秋之回忆2,true,
v1170,想君：秋之回忆3,true,
v1171,秋之回忆4 ～从今以后～,true,
v1194,缘之空,true,
v1200,对你说再见～comment te dire adieu～,true,
v1215,Purely～仰望那小小的青空～,true,
v1241,镰鼬之夜,true,
v1280,天使小夜曲,true,
v1281,圣诞之吻,true,
v1286,"eden* They were only two, on the planet.",true,{eden}
v1299,428 ～被封锁的涩谷～,true,{被封锁的涩谷}
v1301,发明工坊2：天空之城的冒险之旅 Effective E,true,
v1307,晓之护卫～主角们的休息日～,true,
v1325,秋之回憶 #5：中断的胶片,true,{秋之回憶}
v1326,秋之回忆5 安可,true,
v1331,秋之回忆：雨后,true,
v1333,夢幻廻廊,true,
v1358,樱花大战II 望君多珍重,true,{樱花大战}
v1369,樱吹雪,true,
v1375,游魂 -It’s happy days-,true,{游魂}
v1377,在世界尽头咏唱恋曲的少女YU-NO,true,"{YU-NO,yuno}"
v1391,狼与香辛料 我与赫罗的一年,true,{狼与香辛料}
v1398,更胜黎明前的琉璃色 -Moonlight Cradle-,true,{更胜黎明前的琉璃色}
v1474,星空的记忆 -Wish upon a shooting star,true,{星空的记忆}
v1483,从晴朗的朝色泛起之际开始,true,
v1520,圣天使夏洛特・淫虐之奴隶调教,true,{圣天使夏洛特}
v1542,水仙3,true,
v1543,新世纪福音战士：绫波育成计划,true,{新世纪福音战士}
v1552,纯白交响曲,true,
v1646,秋之回忆6～T-wave～,true,
v1660,死神之吻乃离别之味,true,
v1664,幸运祝词,true,
v1719,逆转检察官,true,
v1740,恋色空模样,true,
v1755,夏梦渚,true,
v1842,红壳町博物志,true,
v1863,致爱丽丝,false,
v1894,凝视那侧脸 ～a profile 完全版～,true,{凝视那侧脸}
v1898,夏之雨,true,
v1899,悠之空,true,
v2002,命运石之门,true,
v2009,蓝色天使队,true,
v2016,装甲恶鬼村正,true,
v2047,兰斯 6,true,
v2086,苍青色的月光,true,
v2112,天使音乐会,true,
v2124,异色代码R记忆之门,true,{异色代码}
v2153,海猫鸣泣之时散,true,{海猫鸣泣之时}
v2353,精灵天翔・迈向毁灭世界的少女们,true,{精灵天翔}
v2377,神隐,false,
v2390,白光的伐鲁希亚,true,
v2412,亲吻魔王与红茶,true,
v2511,亲吻那片花瓣 呢喃的双唇,true,{亲吻那片花瓣}
v2585,120日元,true,
v2622,幼驯染成了大总统,true,
v2626,白雪~七凭之祭~,true,
v2632,尸体派对：血之复盖 - 无止境的恐惧,true,{尸体派对}
v2670,夏之灯火,true,
v2888,樱花大战3～巴黎在燃烧吗～,true,{樱花大战}
v2959,星空的记忆 Eternal Heart,true,{星空的记忆}
v2982,魔法学园恋小小的魔法使,true,
v3030,解体插入新书,true,
v3079,Kud Wafter,true,
v3112,极限脱出 9小时9人9扇门,true,{极限脱出}
v3126,永恒之夏,true,
v3144,美好的每一天～不连续存在～,true,{美好的每一天}
v3161,Starless,true,
v3226,侦探歌剧：少女福尔摩斯,true,{侦探歌剧}
v3271,晓之护卫 ～罪孽深重的末世论～,true,{晓之护卫}
v3346,野外学習,true,
v3360,心跳回忆4,true,
v3413,花吻在上~天使的花之吻痕,true,{花吻在上}
v3599,公主奇缘,true,
v3619,天命,false,
v3671,逆转爱恋,true,
v3684,东京爱丽丝,true,
v3706,黑兽 〜被染上白浊的高洁圣女〜,true,{黑兽}
v3746,实妹相伴的大泉君,true,
v3770,秽翼的尤斯蒂娅,true,
v3789,君之余影轻轻地摇曳着,true,
v3861,少女爱上姐姐2,true,{少女爱上姐姐}
v3938,黄昏的禁忌之药,true,
v3988,仰望青空的龙少女,true,
v4028,恋爱与选举与巧克力,true,
v4060,CLANNAD - 被光守望着的坡道,true,{CLANNAD}
v4136,向秋空飞舞的彩色纸屑,true,
v4185,密室的祭品,true,
v4189,天使的星期日,true,
v4194,忘却之物与遗落之物,true,
v4334,电波消逝之日,true,
v4372,书淫，或是已失去的梦之物语。,true,{书淫}
v4414,圣奴隶学园,true,
v4443,少女与世界与点心之剑 ～Route of AYANO～,true,{少女与世界与点心之剑}
v4501,妹妹大作战,true,
v4673,卒業 〜Next Graduation〜,true,
v4703,暗之部屋,true,
v4851,如月金★星,true,
v4876,向日葵 Aqua After,true,
v4880,寻找失去的未来,true,
v4893,恋神,false,
v4936,紫影的索纳尼尔～何等美好的记忆～,true,{紫影的索纳尼尔}
v4989,该死的妹子,true,
v5059,萝莉痴女,true,
v5154,灰色的果实 -LE FRUIT DE LA GRISAIA-,true,{灰色的果实}
v5240,突然之间发现我已恋上你,true,
v5481,注视着你瞳里的未来的歌谣,true,
v5519,人间残渣,true,
v5549,鬼的捉迷藏！,true,
v5607,刑警J.B.哈罗德的事件簿 ～杀人俱乐部～,true,
v5635,你和我与伊甸园的苹果,true,
v5652,神采炼金名匠,true,
v5690,告别回忆 勾指起誓的记忆,true,{告别回忆}
v5711,灯穗奇谭,true,
v5743,最终痴汉电车3,true,
v5744,亲吻那片花瓣 甜蜜成熟的融化之吻,true,{亲吻那片花瓣}
v5834,五彩斑斓的世界,true,
v5841,赤与灯皆有诡异 集册,true,
v5844,神咒神威神乐 曙光,true,
v5871,隙间樱花与谎言都市,true,
v5916,戏剧性谋杀,true,
v5922,虚之少女,true,
v6246,羊之方舟,true,
v6291,妹之形,true,
v6458,英雄战姬,true,
v6475,自杀的101种方法,true,
v6540,euphoria,true,
v6589,女装山脉,true,
v6618,命运石之门：比翼恋理的爱人,true,{命运石之门}
v6639,逆转检察官2,true,{逆转检察官}
v6714,恋爱0公里,true,
v6747,未来乡愁,true,
v7014,弹丸论破 希望的学园与绝望的高中生,true,{弹丸论破}
v7101,恋爱家庭教师露露美,true,
v7238,翠之海,true,
v7260,恋骑士 Purely☆Kiss,true,{恋骑士}
v7302,初雪樱,true,
v7316,日本之旅,true,
v7576,彼岸花盛开之夜 第一夜,true,{彼岸花盛开之夜}
v7691,重生萝莉岛,true,
v7721,传颂之物 虚伪的假面,true,{传颂之物}
v7723,灰色的迷宫,true,
v7724,灰色的乐园,true,
v7733,幕末恋华新选组,true,
v7738,你和她和她的恋爱。,true,
v7747,对魔忍雪风,true,
v7766,现在立刻就想对哥哥说我是妹妹,true,
v7771,白色相簿2,true,
v7777,樱花开了。,true,
v7786,春季限定Poco·A·Poco,true,
v7803,失忆症 -Amnesia-,true,
v7809,极限脱出ADV 善人死亡,true,
v7839,天命 ～短篇集～,true,
v7845,九十九之月,true,
v7849,尸体派对 影之书,true,
v8038,美少女万华镜 -被诅咒之传说少女-,true,
v8084,缸底,true,
v8158,大图书馆的牧羊人,true,
v8311,无限炼奸～不死舞姬的凌辱轮舞曲～,true,
v8387,便器骚兔的造人报恩,true,
v8424,创刻的动脉,true,
v8434,亲吻那片花瓣 莉莉·白金,true,
v8435,茂伸奇谈,true,
v8436,是谁杀了知更鸟,true,
v8438,魔女的花园,true,
v8508,屋上的百合灵,true,
v8731,我的女友是蓝领／她的作为，我的遭遇／巨乳妻完全捕获计划／我老婆被那家伙睡了。,true,
v8832,彼岸花盛开之夜 第二夜,true,
v9047,海貓鳴泣之時羽,true,
v9093,在这苍穹展翅,true,
v9123,东京风俗纪行,true,
v9303,妹调教日记,true,
v9609,爱丽丝之馆 -揍揍卷卷塔-,true,
v9726,粘濡汁通,true,
v9889,逆转裁判5,true,
v9986,茱尼帕之结,true,
v10001,古色迷宫轮舞曲,true,
v10016,时钟机关的Ley-line -黄昏时的境界线-,true,
v10028,五彩斑斓的曙光,true,
v10041,魔王的地下要塞,true,
v10051,不可逾越的红花～双月～,true,
v10304,恋花绽放樱飞时,true,
v10415,花色七芒星,true,
v10431,最喜欢哥哥了！,true,
v10544,我所希冀的未来,true,
v10557,向日葵的教会与长长的暑假,true,
v10569,孤独少女的百合物语,true,
v10597,夏空的英仙座,true,
v10680,近月少女的礼仪,true,
v10700,亲吻那片花瓣 米卡艾尔的少女们,true,
v10732,母娘乱馆,true,
v10793,仓野家的双胞胎故事,true,
v10803,硬要无视与你的未来 ~Relay broadcast~,true,
v10804,我成为天使的理由,true,
v10876,托了未来孩子的福，我娶了五个老婆？！,true,
v10926,秘密的秘密,true,
v10957,幸福噩梦,true,
v10969,侦探歌剧：少女福尔摩斯2,true,
v10972,她和我与恋人,true,
v10979,在这苍穹展翅 -飞行日志-,true,
v10980,少女编织爱的画布 与你二人的画廊,true,
v10992,媚肉之香 番外编,true,
v11029,NOeSIS01 诉说谎言的记忆物语,true,
v11039,淫贱海滩大乱交,true,
v11071,美少女万华镜 -勿忘草与永远的少女-,true,
v11072,娇小少女的小夜曲,true,
v11081,层层交织的梦境与现实,true,
v11093,时钟机关的Ley-line -残影之夜将明时-,true,
v11110,赠与你的空之花,true,
v11179,命运九重奏,true,
v11194,LOVESICK PUPPIES -我们为了恋爱而诞生-,true,
v11300,间接之恋,true,
v11301,爱丽娅的明日盛典！,true,
v11412,女仆人妻放题咖啡厅,true,
v11472,剑为君舞,true,
v11487,圣天之泪：惨遭背刺的天使,true,
v11493,同校生,true,
v11517,见习天使,true,
v11620,魔导巧壳,true,
v11637,花合,true,
v11713,诡计 x 逻辑：第一季,true,
v11857,魔卡魅恋！Magical Charming!,true,
v11900,妹妹与保健体育,true,
v11944,崩坏世界：混乱管理入门,true,
v11959,幼性反应,true,
v12033,英雄战姬GOLD,true,
v12072,愿望的碎片与白银契约者,true,
v12099,潟湖茶座,true,
v12167,天色幻想岛,true,
v12231,少女与世界与点心之剑 ～Route of ICHIGO 1～,true,
v12246,少女理论及其周边 -École de Paris-,true,
v12293,亲吻那片花瓣 天使的憧憬,true,
v12385,淫俗村～堕入淫靡风俗的一家～,true,
v12392,茂伸奇谈-Happy End-,true,
v12402,海市蜃楼之馆,true,
v12416,一个人的感质空间,true,
v12417,两个人的感质空间,true,
v12476,卡卢玛卢卡＊同好会,true,
v12480,大图书馆的牧羊人 Dreaming Sheep,true,
v12562,12月的EVE,true,
v12600,大图书馆的牧羊人 ～放学后的最后时光～,true,
v12739,为忙人准备的萃梦想,true,
v12740,为忙人准备的永夜抄 ～前夜～,true,
v12794,尸体派对 驭血,true,
v12842,潟湖茶座 2,true,
v12849,苍之彼方的四重奏,true,
v12957,诡计 × 逻辑：第二季,true,
v12974,菖蒲的城镇与公主,true,
v12984,星辰恋曲的白色永恒,true,
v13107,双生百合~要对妈妈保密哦~,true,
v13108,幸福噩梦 FD,true,
v13224,在世界与世界的正中央,true,
v13321,我的超级现充生活,true,
v13325,幸运草的约定,true,
v13631,淑女同萌！,true,
v13666,冻京NECRO,true,
v13711,航迹云的彼方,true,
v13812,我的恋人是神明,true,
v13904,放学后的不合格者,true,
v13919,变态王子与不笑猫,true,
v13920,旖梦沤珠之蕾,true,
v13994,吉原彼岸花,true,
v13999,战女神MEMORIA,true,
v14018,混沌之子,true,
v14022,兰斯 1,true,
v14062,魔女恋爱日记,true,
v14089,桃色恋恋～与姊妹交织的H关系～,true,
v14110,魔女的处刑日～上弦之月俯视着我～前篇,true,
v14240,美少女万华镜 -献给曾经是少女的你-,true,
v14263,心灵重启,true,
v14265,星织梦未来,true,
v14365,美少女万华镜 -神明所创造的少女们-,true,
v14389,悠之缘,true,
v14692,透明人间人妻中出,true,
v14736,九云梦,true,
v14826,爱姐妹IV 肥宅美梦,true,
v14829,说来话长,true,
v14878,第七境,true,
v14886,晴霁之后，定是菜花盛开的好天气,true,
v14887,PRIMAL×HEARTS,true,
v14888,醋意乱流,true,
v14895,友爱俱乐部,true,
v14909,枪声与钻石,true,
v14973,偶像魔法少女小满☆满,true,
v15064,雪恋交融,true,
v15125,大逆转裁判 －成步堂龙之介的冒险－,true,
v15143,杀恋～悠久流传的恋之歌～,true,
v15166,若能与你再次相见,true,
v15293,近月少女的礼仪2,true,
v15393,恋爱中的她的笨拙舞台,true,
v15426,雨恋,true,
v15473,七色轮回,true,
v15538,猫娘乐园 Vol.1,true,
v15637,永不落幕的前奏诗,true,
v15697,凭夜之村,true,
v15699,螺旋溯行的绝望乡,true,
v15708,千之刃涛，桃花染之皇姬,true,
v15727,花姬Absolute!,true,
v15797,我的一人战争,true,
v15826,寢取人妻不伦播种,true,
v15870,慕情之心今随君作伴,true,
v15871,纸上魔法使,true,
v15892,淑女同萌！-New Division-,true,
v16001,丧服萝莉紧缚奇谭 美少女性奴隶调教,true,
v16032,大正×对称爱丽丝,true,
v16041,讓偶像受孕吧! 催眠诱奸得逞,true,
v16044,魔女的夜宴,true,
v16069,追忆夏色年华,true,
v16070,花咲work spring！,true,
v16143,关于唯一能让笨蛋妹妹变聪明的方法只有我的××的事,true,
v16150,她的圣域,true,
v16193,五色浮影绽放于花之海洋,true,
v16201,甘神大人的糖浆恋祭,true,
v16208,柯罗的怀表,true,
v16212,时钟机关的Ley-line -朝雾中飘零之花-,true,
v16238,快盗天使双胞胎 〜时间与世界的迷宫〜,true,
v16263,亲吻那片花瓣 回忆邂逅时,true,
v16320,病娇灰姑娘,true,
v16339,正负战争,true,
v16372,扔掉黄书以后兄长情况有异,true,
v16395,你和我的表相,true,
v16483,爱丽娅的明日盛典！Flowering Sky,true,
v16516,由梦想与色彩编织而成,true,
v16560,仰望夜空的星辰,true,
v16626,与小萝莉相思相爱,true,
v16640,夏娃年代记,true,
v16658,箱庭的学园,true,
v16695,雨的边缘,true,
v16721,魔法少女的哥哥～拙劣谎言和不良少年～,true,
v16743,露西 - 她所期望的一切 -,true,
v16796,童话安魂曲,true,
v16802,末世孤雄 Vol. 1,true,
v16845,妹的圣域,true,
v16858,樱花裁决,true,
v16862,秘密游戏2：反叛,true,
v17012,天之少女,true,
v17018,旧书店街的桥姬,true,
v17046,勇者大战魔物娘RPG前章,true,
v17101,匿名代码,true,
v17147,映入红瞳的世界,true,
v17337,天气雨,true,
v17376,喜欢我的话就要说出来,true,
v17388,游魂2 -you're the only one-,true,
v17428,人妻遥香开发日志,true,
v17515,与我恋爱的废柴小恶魔,true,
v17516,想要传达给你的爱恋,true,
v17588,根神京姬,true,
v17632,恋慕之心的交织方式,true,
v17642,兰斯 3,true,
v17651,慕情之心今随君作伴 ~The Respective Happiness~,true,
v17652,失望失业者,true,
v17691,自闭妹妹的重生调教,true,
v17763,猫娘乐园 Vol.0 水无月猫娘们的日常,true,
v17849,棉花糖☆妹妹☆魅魔,true,
v17863,祝姫,true,
v17872,罪之光Rendezvous,true,
v17909,月姬 -A piece of blue glass moon-,true,
v17915,Mystic Messenger 神祕信使,true,
v17939,病娇女神淫乱榨取,true,
v17940,人妻痴汉电车,true,
v17978,春天的谎言 -Passing Memories-,true,
v17988,Gears of Dragoon 龙之齿轮-黎明的碎片-,true,
v18057,LILYCLE 彩虹舞台!!!,true,
v18077,妖蛆之饵,true,
v18130,少女理论及其之后的周边 -美好年代篇-,true,
v18131,爱上火车,true,
v18148,野良与皇女与流浪猫之心,true,
v18149,少女＊领域,true,
v18157,Echo,true,
v18246,夏之雪~初恋first love~,true,
v18325,青梅竹马是人鱼姬！？,true,
v18334,新枪弹辩驳V3 大家自相残杀的新学期,true,
v18376,天文钟里的亚莉亚,true,
v18381,花开公路,true,
v18397,海市蜃楼之馆：纯真挽歌,true,
v18486,妻中蜜 3,true,
v18550,鬼来信,true,
v18651,编织时间的约定,true,
v18694,哥哥，还没做好KISS的准备吗？,true,
v18713,猫娘乐园 Vol.2,true,
v18760,樱之杜†净梦者,true,
v18766,思影,true,
v18778,银色遥远,true,
v18790,缘契初情乃今家舍妹,true,
v18791,与我恋爱的废柴恶魔。 ～甜腻后日谈～,true,
v18806,夏之锁,true,
v18807,与君共睹的梦境,true,
v18830,灰色的有闲,true,
v18831,灰色的残光,true,
v18842,花之天使的夏日恋歌,true,
v18849,根神京姬 后篇,true,
v18850,飞禽律师之事件簿,true,
v18852,天津罪,true,
v18863,伪娘后宫,true,
v18873,夏天的谎言 -Ahead of the reminiscence-,true,
v18874,与你拉钩起誓的婚约,true,
v18915,生死永相随永相伴,true,
v18944,剑为君舞 百夜缀,true,
v18990,既不会被述说，亦不会被瞩目，此为逐渐毁灭的故事,true,
v19006,APOCRITOS -外典-,true,
v19072,灰色的旋律,true,
v19073,千恋＊万花,true,
v19104,恋慕之心的交织方式 ～愿交织的思念永恒～,true,
v19125,日冕之华,true,
v19182,美少女万华镜 -罪与罚的少女-,true,
v19216,离开的人们,true,
v19233,濒死轮回的卿于馆中萌生的憎恶,true,
v19234,她的眼泪曾是我的光芒,true,
v19245,最凶暴的魔王大人女体化,true,
v19294,星辰恋曲的白色永恒 Finale,true,
v19302,学校的圣域,true,
v19320,你微笑的理由,true,
v19321,苟活于污秽世界下,true,
v19347,与她＊心渐近,true,
v19365,被黑暗洗礼的天使,true,
v19385,猫娘乐园 Vol.3,true,
v19427,国民偶像 爱的解禁,true,
v19444,青春×好奇相伴的三角恋爱,true,
v19470,铭日记,true,
v19513,生命的备件,true,
v19560,萝莉吸血鬼！～与吸血鬼姐妹的性福生活～,true,
v19584,一意孤行,true,
v19587,Re:LieF ～献给亲爱的你～,true,
v19595,星恋*twinkle,true,
v19604,秋天的谎言 -The Only Neat Thing To Do-,true,
v19608,欢迎来到♥妖魔娼馆,true,
v19611,Rewrite 超自研活动记录外传,true,
v19634,巧嘴辣妹笨小千,true,
v19654,7days-与你共度的七日间,true,
v19658,永不枯萎的世界与终结之花,true,
v19663,魔女与剑与千之月,true,
v19693,西园美鱼密室杀人事件？,true,
v19765,母女成为性宠玩物,true,
v19769,太依赖咒术的我未来堪忧。,true,
v19771,与小萝莉相思相爱的生活,true,
v19773,我的兽耳后宫,true,
v19829,9-nine-九次九日九重色,true,
v19831,莉莉传说,true,
v19841,野良与皇女与流浪猫之心2,true,
v19843,致命十二人,true,
v19855,像素女友,true,
v19943,命运交织的塔罗牌,true,
v19951,女神异闻录4 无敌究极后桥背摔,true,
v19964,月影魅像-解放之羽-,true,
v19974,来自昏暗的时间尽头,true,
v19987,大逆转裁判 2 －成步堂龙之介的觉悟－,true,
v20002,你的眼眸命中我心头,true,
v20003,哥哥，还没做好KISS的准备吗？还没做好H的准备吗？,true,
v20034,夜间的兔兔咖啡馆 前日谈,true,
v20104,鳞翼天使,true,
v20132,未来女友，向我传达了问候,true,
v20148,人气声优的养成方式,true,
v20191,女仆洋馆,true,
v20194,灰色幻影扳机第1卷,true,
v20196,甜糖热恋,true,
v20228,苍之彼方的四重奏 EXTRA1,true,
v20232,爱之钥,true,
v20264,樱之杜†净梦者 2,true,
v20273,G弦上的魔王 大番外篇 『车轮之国的魔王』,true,
v20275,天使的星期日 「续·公主的夏日」,true,
v20277,大正×对称爱丽丝 HEADS & TAILS,true,
v20315,与你相恋的恋爱Recette,true,
v20330,牛顿与苹果树,true,
v20337,恋神 -神之舞台-,true,
v20357,伊甸骑士 淫悦的圣魔骑士露西菲尔篇,true,
v20372,妹嫁,true,
v20424,Summer Pockets,true,
v20431,樱之刻－漫步于樱花之森下－,true,
v20432,初恋症候群,true,
v20444,君羽Couples ～她和她相恋的两个月多一点～,true,
v20472,Chase：未解决事件搜查科—遥远的记忆—,true,
v20491,樱花片落恋模样,true,
v20501,怪物甜心,true,
v20538,僵尸×道士,true,
v20622,回家之前的棉花糖,true,
v20624,同居恋人洛丽塔,true,
v20634,谎月香格里拉,true,
v20720,寝之金鸟,true,
v20802,兰斯10 决战,true,
v20833,茜色的境界线,true,
v20860,景之海的艾佩莉娅,true,
v20909,真琴莫比乌斯,true,
v20992,诺科,true,
v21007,甜蜜家庭～妻女和宠溺父亲的每一天,true,
v21147,爆乳御姐,true,
v21161,冬天的谎言 -Snow World End-,true,
v21186,消失的世界与月与少女 -The world was prayed by the girl living a thousand years-,true,
v21188,恋神 -无用女神-,true,
v21232,爆乳人妻战士,true,
v21289,人狼村之谜,true,
v21321,恋语 Juliamo -amrilata lingvo-,true,
v21339,我討厭你,true,
v21405,夜巡回，我们的迷途教室,true,
v21418,小兔子,true,
v21432,母性女友 呵护有加,true,
v21438,苍之彼方的四重奏 EXTRA2,true,
v21465,牵绊闪耀的恋之伊吕波,true,
v21475,監獄少年,true,
v21480,六日雪霁,true,
v21495,伊人天使妹侧畔,true,
v21523,青鸟,true,
v21529,吹弹！丰盈！波涛汹涌！异世界魔法学园！,true,
v21534,忘却管家与恋爱大小姐的回忆录,true,
v21552,突然＊恋人,true,
v21620,失眠的羊与孤独的狼 -A Tale of Cutthroat Lovers-,true,
v21639,夢幻島症候群,true,
v21647,交汇协奏曲,true,
v21661,魔法使的抉择~天使或是恶魔~,true,
v21667,丑小鸭与文字祸,true,
v21668,9-nine-天色天歌天籁音,true,
v21676,LOVE³ -爱立方-,true,
v21681,协同效应,true,
v21690,妃神会秘史,true,
v21717,缘染此叶，化作恋红,true,
v21734,纯真之夏,true,
v21852,金辉恋曲四重奏,true,
v21857,景之海的艾佩莉亚～卡萨布兰卡的骑士～,true,
v21903,尚有佳蜜伴恋心,true,
v21905,Doki Doki Literature Club!,true,
v21920,喵咪喵咪喵,true,
v21931,将军大人芳华正茂,true,
v21957,森灵之心,true,
v21964,告别回忆-无垢少女-,true,
v22013,Happiness! 2 樱花盛典,true,
v22020,猫娘乐园Extra 小猫之日的约定,true,
v22045,寄宿之恋,true,
v22122,穿军靴的猫,true,
v22156,与妹妹的记忆,true,
v22170,四季的谎言 -Complete Four Seasons-,true,
v22252,家的钥匙,true,
v22304,碧海晴空、彼岸相连,true,
v22310,玛珂娜·格拉穆拉与小仙铃,true,
v22313,"樱花萌放-as the Night's, Reincarnation-",true,
v22345,哥哥，早起前要一直抱紧我哦！,true,
v22436,双子洛丽塔后宫,true,
v22445,《我和她（护士）的研修日志》,true,
v22465,扩散希望,true,
v22469,邻居人妻寢取NTR,true,
v22483,如月真绫的指导,true,
v22503,病娇姐姐的「性爱」囚禁,true,
v22505,混沌之脑：诺亚,true,
v22553,神待少女纱波,true,
v22583,图谋不轨的恋爱,true,
v22597,副作用之瞳,true,
v22598,蛇香之夜 ～Allure of MUSK～,true,
v22602,Dungeon Town：遗迹之森与梦魔之药,true,
v22603,未来广播与人工鸽,true,
v22636,乌有乡,true,
v22658,同居女友,true,
v22698,麻理子 熱夜生活,true,
v22699,愛麗絲的精神裁判,true,
v22703,神狱塔 断罪玛丽 2,true,
v22704,我的H暑假 乡下的假日回忆,true,
v22713,Love×Holic ～迷人的少女与白浊的关系～,true,
v22725,家有妹妹,true,
v22741,祭品小镇,true,
v22742,什慶是愛?,true,
v22774,末世孤雄 Vol. 2,true,
v22775,末世孤雄 Vol. 3,true,
v22776,末世孤雄 Vol. 0,true,
v22788,小狗新娘～欢迎光临尾巴摇摇～,true,
v22790,灰色幻影扳机第2卷,true,
v22791,灰色幻影扳机第3卷,true,
v22792,灰色幻影扳机第4卷,true,
v22819,姐妹催眠性爱,true,
v22847,树莓立方体,true,
v22855,最后的千纸鹤 One Last Crane,true,
v22880,宿星的女朋友,true,
v22899,NUKITASHI,true,
v22905,我是谁：多萝西的故事,true,
v22955,究极勇者的选择传说,true,
v22962,器关的彷徨 –The will of a single Tale-,true,
v22985,伍德斯托克 1969,true,
v23067,恋爱定位Location Love同居×后辈,true,
v23072,无人知晓的天体之泪,true,
v23099,新女孩,true,
v23154,育种村,true,
v23157,与爆乳魔王的同居生活,true,
v23190,灰色幻影扳机第5卷,true,
v23199,封缄之都古拉塞斯塔,true,
v23230,不知何时的memoraĵo,true,
v23244,此花绽放季，与君重逢时,true,
v23281,兽娘的养成方法,true,
v23290,宿星的女朋友 2 -destiny star girlfriend-,true,
v23302,四国志 ～酒池肉面战记～,true,
v23388,5分钟的邂逅！时间停止与不可避免的命运,true,
v23448,奇异恩典 -What color is your attribute?-,true,
v23450,将军大人正值妙龄 FD,true,
v23458,少女与野兽,true,
v23464,黑兽2,true,
v23492,萌萌２次大戰（略）３,true,
v23501,玉响未来,true,
v23516,东京时笼,true,
v23518,打倒魔王的方法,true,
v23523,俄罗斯之旅,true,
v23538,剑与魔法：见习冒险者莉露的大冒险,true,
v23725,告别回忆 -无垢少女- 致最爱的你,true,
v23732,pieces/候鸟的梦,true,
v23740,9-nine-春色春恋春熙风,true,
v23744,共结情缘的剑舞恋曲 -椿恋歌-,true,
v23772,宿星的女朋友 3 -destiny star girlfriend-,true,
v23857,无面的达布尔,true,
v23858,人形电脑天使心 for Game Boy Advance - 专属于我的人 -,true,
v23863,青空下的加缪,true,
v24110,流星世界演绎者,true,
v24127,香子兰·审判之庭,true,
v24208,泡沫冬景,true,
v24209,冬季北极星,true,
v24210,终点咖啡馆,true,
v24299,我在七年之后等着你,true,
v24315,小兵求爱记,true,
v24328,梦现Re:Master,true,
v24333,奥尔格的复仇 ～堕落的美丽战士们～,true,
v24386,终末之际,true,
v24423,无尽扒手冒险,true,
v24442,Innocent Forest: The Bird of Light,true,
v24472,恋神 -治愈后宫-,true,
v24515,LoveR 捕捉心动,true,
v24555,精灵饲养牧場,true,
v24564,猫神大人与七颗星星,true,
v24618,爱之钥2,true,
v24620,女仆来我家,true,
v24702,青夏轨迹,true,
v24717,金辉恋曲四重奏 -Golden Time-,true,
v24725,重生游戏-REALIVE-,true,
v24729,壮汉海上漂流记,true,
v24779,九段之都市传说,true,
v24790,我与空狐的日常,true,
v24802,熠熠星光魔物娘,true,
v24803,在月之彼岸邂逅,true,
v24853,姐姐的推荐～姐姐调皮的性生活～,true,
v24866,爱恋冰果室,true,
v24888,狐狸在等我 The Fox Awaits Me,true,
v24889,狐狸在等我花 The Fox Awaits Me HANA,true,
v24891,姊恋游戏 - Siblings Role-play -,true,
v24916,我和她（女医师）的诊察日志,true,
v24917,母爱如山 胸中无法压抑对你的爱,true,
v24938,灰色幻影扳机第6卷,true,
v24987,爱因斯坦携爱敬上,true,
v25039,蛊惑之幼蟲,true,
v25040,TrymenT ―献给渴望改变的你―,true,
v25042,二次重生,true,
v25127,爱欲姐妹洛丽塔,true,
v25144,母烂漫,true,
v25151,危险的家伙们,true,
v25170,神社里的猫巫女,true,
v25280,灰色幻影扳机第5.5卷,true,
v25286,与小奶猫创造家族,true,
v25328,母性女友2 -理智 崩坏篇-,true,
v25366,恋爱，我就借走了,true,
v25368,巨乳丰臀BBA骑士团,true,
v25391,VenusBlood AfterDays Episode:3 业火新娘,true,
v25392,VenusBlood AfterDays Episode:4 龙之歌姬,true,
v25393,VenusBlood DarkChronicle Episode:1 堕落的龙姊妹,true,
v25413,重返蓝鲸岛,true,
v25520,杀戮世界,true,
v25560,姐妹催眠性爱2,true,
v25616,黃昏旅店,true,
v25635,爱上火车-Last Run!!-,true,
v25716,十字纵错的未来,true,
v25725,SHUFFLE! episode2～被神与魔同时盯上的男人～,true,
v25747,干性溺水,true,
v25795,新英格兰侦探:波士顿早餐,true,
v25796,死亡终局 轮回试炼,true,
v25911,第六妖守-Dairoku-,true,
v25964,吹弹！丰盈！波涛汹涌 超情色APP学院,true,
v25999,你喜欢的是哪个我呢?,true,
v26000,异想魅惑,true,
v26001,千之刃涛，桃花染之皇姬 -柳暗花明-,true,
v26007,探案法：侦探大赛,true,
v26052,猫娘乐园 Vol.4,true,
v26054,导师X催眠,true,
v26098,创神之阿尔斯马格纳,true,
v26114,孙,true,
v26122,Re:从H开始的异世界生活,true,
v26147,新櫻花大戰,true,
v26166,恶毒激情,true,
v26167,恶毒激情2:血腥奥秘,true,
v26183,Little Sick Girls ～幼馴染の戀人～,true,
v26215,坦率的小红帽和爱说谎的狼,true,
v26232,染成红色的真爱百合,true,
v26242,白刃闪耀的恋之旋律,true,
v26262,伊莱莎,true,
v26307,甜蜜女友2,true,
v26316,反派千金：母女丼,true,
v26344,贽之匣庭,true,
v26379,朝霞之歌,true,
v26399,～超废转生～ 从最底层的异世界经营,true,
v26414,星光咖啡馆与死神之蝶,true,
v26415,与女朋友的甜蜜生活~你喜欢一心一意的银发美少女吗？,true,
v26416,我可爱的双子妹妹,true,
v26444,A Summer's End 夏天的一天 — 香港 1986,true,
v26485,在月之彼岸邂逅~甜蜜的夏日彩虹~,true,
v26486,异世界大屌救世物语,true,
v26489,Tavern of Spear,true,
v26491,心之符,true,
v26523,9-nine-雪色雪花雪余痕,true,
v26530,和妈妈来一场秘而不宣的性爱吧,true,
v26532,AI：梦境档案,true,
v26537,密语,true,
v26563,我上了老妈的爆乳朋友,true,
v26581,巧克甜恋,true,
v26592,梦现Re:After,true,
v26639,献给神明般的你,true,
v26664,樱色之云＊绯色之恋,true,
v26702,异世界与兽娘姐姐的做爱生活,true,
v26721,SaDistic BlooD 狂嗜之血,true,
v26773,死亡终局 轮回试炼 2,true,
v26791,Little Sick Girls ～鏡中的偶像～,true,
v26819,花开公路：下一站出口,true,
v26900,3D定制女仆2,true,
v26902,丸子与银河龙,true,
v26987,白日梦的构想图,true,
v26989,不可视之药与坎坷的命运,true,
v27057,美少女万华镜 -理与迷宫的少女-,true,
v27058,像素男友,true,
v27118,神乐黎明记 ～舞歌之章～：龙神之怒,true,
v27227,Secret Agent～骑校忍者物语～,true,
v27236,一生推不如一生恋,true,
v27368,恣意妄为并擅长乳交的玛丽同学,true,
v27379,White Wings 白色之翼,true,
v27389,诱惑、自大、洛丽塔,true,
v27436,真实色情游戏情境体验! 2,true,
v27448,亚托莉 -我挚爱的时光-,true,
v27449,常轨脱离Creative,true,
v27450,傲慢魔王肉便器,true,
v27457,徒花异谭,true,
v27487,幽世灾厄现世战姬 ～沙耶香篇～,true,
v27490,小巷里的寻欢洞,true,
v27509,远海咏叹调,true,
v27519,多娜多娜 一起干坏事吧,true,
v27704,暧昧便利店,true,
v27736,女装神话,true,
v27748,天降虚拟偶像！ COMMAND！？,true,
v27823,爆乳剑士沦为玩物,true,
v27892,丰裕之角 不可思议之物居住的小镇,true,
v27959,爱的闪耀偶像企划 Ai,true,
v28030,安娜贝尔女仆花园,true,
v28080,满是色情大姐姐宿舍管理员,true,
v28093,QUALIA ～约定的轨迹～,true,
v28131,我和我的老师的乳头妓女生活,true,
v28151,灰色幻影扳机第7卷,true,
v28205,夏日狂想曲：乡间的难忘回忆,true,
v28255,孤僻巨乳宅女阳子,true,
v28258,MEGASUKI！〜她与我的眼镜事件〜 星野优羽姬篇,true,
v28260,MEGASUKI！〜她与我的眼镜事件〜 咲良步篇,true,
v28261,MEGASUKI！ 〜她与我的眼镜事件〜 伊波乙叶篇,true,
v28264,海市蜃楼之馆 -轮回转世-,true,
v28267,亲爱的德韦尔,true,
v28283,放学后的灰姑娘,true,
v28286,绽放★青春全力向前冲！,true,
v28297,星空列车与白的旅行,true,
v28304,玻璃青春,true,
v28457,夢王國與沉睡中的100位王子殿下,true,
v28460,退魔剑士学园 中出解禁,true,
v28462,新生活。,true,
v28537,与椿同住 共结情缘的剑舞恋曲SS,true,
v28538,与紫苑同住 共结情缘的剑舞恋曲SS,true,
v28546,Re:从零开始的异世界生活　虚假的王选候补,true,
v28550,夏日七天：黑白,true,
v28562,从朋友到恋人,true,
v28587,奥威尔：无所遁形,true,
v28596,美魔女的诱惑 ～60岁美人妈妈保持青春的秘密～,true,
v28598,微泳装×好色人妻 〜丰满肉体的情色诱惑〜,true,
v28615,只读记忆：神经潜入者,true,
v28633,恋爱×决胜战,true,
v28640,爱的闪耀偶像企划 Nagisa,true,
v28644,水莲与紫苑,true,
v28646,CLEARWORLD-透明世界-,true,
v28666,保健室的老师与沉迷吹泡泡的助手,true,
v28667,随时配种！异种族孕育后宫村庄,true,
v28669,妖异乡愁谭,true,
v28673,地下城军团-献予魔王的少女们-,true,
v28683,SINce Memories 星穹之下,true,
v28695,我可是御宅社团的公主！,true,
v28712,红月摇曳的恋之星火,true,
v28716,愿你幸福,true,
v28719,被比丈夫还要粗长的东西插入后…～女儿的外国男让身为妈妈的我也为性堕落了～,true,
v28746,柔情似水,true,
v28755,深埋之星,true,
v28793,降临在我这个废材身边的全肯定妈妈女神！ ～真棒呢，你很努力哦♪♪～,true,
v28799,かぎっコ ろんりぃ 〜孤独的 心〜,true,
v28806,终之空Remake,true,
v28832,黑辣妹的电车内淫技 ～成为惩罚游戏目标的我～,true,
v28833,安琪莉可 Luminarise,true,
v28835,阿尔特斯: 超越時空,true,
v28839,灵神乐 ～奋斗记～,true,
v28847,MazM: 歌剧魅影,true,
v28849,迈哲木：杰基尔与海德,true,
v28868,调教养女!狂妄自大的养女是爸爸的玩具,true,
v28915,Dreamin' Her -我梦见了她。-,true,
v29006,神乐黎明记 ～初花之章～,true,
v29038,塔可丽塔的薯条之旅,true,
v29067,冷血症骰子,true,
v29074,发射准备完成♪乡下列车能随意性交！？〜玩弄大叔的辣妹与乖乖牌〜,true,
v29139,催眠临时工~店长的命令对辣妹店员来说是绝对的~,true,
v29152,餐恋时光,true,
v29154,异世界怀孕后宫派对,true,
v29188,姐姐Z催眠,true,
v29189,通过性来征服已婚妇女,true,
v29190,妻子：服饰游戏生活,true,
v29300,魔法少女消耗战线 死终Ω神盾,true,
v29329,新婚人妻NTR,true,
v29368,爱的闪耀偶像企划 Reika,true,
v29383,冥契的牧神节,true,
v29394,碧水危机,true,
v29399,爆乳妈妈的淫乱寄宿生活,true,
v29404,可爱女友的获取方法,true,
v29443,星之终途,true,
v29444,恋月物语,true,
v29482,异世界酒馆六重奏 ～Vol.1 New World Days～,true,
v29581,羞耻人妻NTR,true,
v29582,天黑之后的宠物店,true,
v29631,和焦虑的冒险！,true,
v29662,雪色暗号,true,
v29698,亲爱的弗兰肯斯坦,true,
v29699,长梦花岚,true,
v29724,9-nine-新章,true,
v29733,神乐黎明记～奈津之章～,true,
v29761,天籁人偶 冬空焰火/雪花纹理,true,
v29766,冰激凌,true,
v29779,催眠学习 —Secret Desire—,true,
v29806,貓耳萌妹饲育日记,true,
v29834,反派千金II,true,
v29872,天结迷宫大师,true,
v29909,吹弹！丰盈！波涛汹涌！异世界魅魔学园！,true,
v29921,雪境迷途遇仙踪,true,
v29932,神之国的魔法使,true,
v30118,日向千寻的工作总是做不久,true,
v30127,Knights College -骑士学院-,true,
v30209,神乐黎明记～桂香之章～,true,
v30214,爱之钥3,true,
v30228,巧克甜恋2,true,
v30235,病房轶事 ～只有恶质护士存在的医院～,true,
v30294,前不良人妻 雏子 ～将她的身心都睡过来～,true,
v30338,CrocApoca!! 和鳄鱼少女共度世界末日,true,
v30359,拿破仑少女 Episode.1 ~字典里没有不可能三个字的少女~,true,
v30372,许愿石,true,
v30423,精神病大王花 Flowering Abyss,true,
v30457,异界转生 这次变成了传说中的勇者呢（受）,true,
v30458,无法忍耐的处男哥哥和不直率的叛逆妹妹,true,
v30461,每日亲亲洛丽塔,true,
v30544,后宫之夜,true,
v30553,Chasing Tails 〜雪中誓约〜,true,
v30554,花映繁星,true,
v30647,月球轨道会战 ~最初的特殊战技兵~,true,
v30662,爱的吸盘,true,
v30726,流星世界演绎者：Badge & Dagger,true,
v30752,我的現充計畫～等待妳的回信！～,true,
v30771,ROLEPLAYER：小粥姐妹的黏膜游戏！,true,
v30812,猫郎乐园 - Catboys Paradise,true,
v30828,盗版代码,true,
v30835,失眠的羊与孤独的狼 -Woolly Eyes《外传》-,true,
v30904,爆乳妹子姫骑士,true,
v30922,U-ena -空焰火少女-,true,
v30946,虚日记,true,
v30970,瑠璃樱,true,
v30998,我与公主骑士及侍女的慢活生活,true,
v31002,我的恋天使太废柴了好可怕,true,
v31006,背德的四重奏,true,
v31090,异世界酒馆六重奏 〜Vol.2 Adventurer's Days～,true,
v31091,异世界酒馆六重奏 〜Vol.3 Postlude Days〜,true,
v31095,探灵直播,true,
v31103,兽娘萌娘温泉旅馆,true,
v31125,怀揣思念同我再会!!,true,
v31136,创作少女的恋爱公式,true,
v31138,一生推不如一生恋~love or die~,true,
v31177,与红叶同住 ～来自盛夏的某日～,true,
v31178,与旭同住 ～来自盛夏的某日～,true,
v31212,梅时露霁书~雨潺海汐间~,true,
v31250,小男友的甜蜜威脅！,true,
v31252,灵魂收购,true,
v31334,女仆調教日誌,true,
v31359,没落阴阳绘卷 - Tale of the fallen Onmyoji -,true,
v31361,史莱姆六重奏,true,
v31427,永恒少女～堕落庭园的少女们～,true,
v31436,爱因斯坦携爱敬上 APOLLOCRISIS,true,
v31447,新生也疯狂,true,
v31469,AI：梦境档案 涅槃肇始,true,
v31471,毫无经验的同班同学π,true,
v31504,Nightmare★School ~Lost Girls~,true,
v31544,黎明合唱,true,
v31566,魔王的冒险者小镇,true,
v31573,未完之约！！！,true,
v31598,庇护所,true,
v31670,圣女之血:救世主,true,
v31672,花开溢香唤春来,true,
v31673,女装创世记,true,
v31790,极上！破茶灭茶　茶艺大赛,true,
v31821,逃出魅魔牧场,true,
v31854,夏日彼方,true,
v31929,永恒世界,true,
v32021,久那土国记,true,
v32173,魔王军团肉便器,true,
v32266,归途-累之夜,true,
v32274,幽灵镇少女,true,
v32437,食南瓜者,true,
v32484,辣妹连续中出,true,
v32510,变态迷宫,true,
v32514,坏结局剧院,true,
v32544,NIJISANJI的类型诊断,true,
v32559,星之旋律 梦美梦战士,true,
v32612,横恋慕 -人妻的秘事-,true,
v32661,我与老师的私人课程,true,
v32706,病房轶事～潜藏邪恶老鸟护士的住院生活～,true,
v32714,冒险家协会的性生活,true,
v32758,传述之魔女,true,
v32802,外行离家少女与我,true,
v32811,恋爱成双,true,
v32887,艾蜜莉,true,
v32919,灰色幻影扳机第8卷,true,
v32945,爱的传递,true,
v32946,猫娘乐园 After,true,
v32987,爆乳海賊王,true,
v33005,Vtuber女仆 拉米耶,true,
v33099,保健室的老师与哥特萝莉校医,true,
v33130,间宫摩美想要疗愈你,true,
v33177,黑发大人的晚餐,true,
v33205,灵感满溢的甜蜜创想凸,true,
v33209,东京侦探,true,
v33335,迂回落幕的终章 ─蝶与花的鸟笼─,true,
v33380,喵的炼狱,true,
v33493,主播女孩重度依赖,true,
v33637,榭菈的冒险-破灭之洞窟-,true,
v33844,魅魔繁殖乐园,true,
v33911,圣骑士莉卡物语 白翼与淫翼姐妹,true,
v33924,炽焰天穹,true,
v33932,下午4時的灰姑娘,true,
v33969,保健室的老师与恶魔般的会长,true,
v33996,真愿朦幻馆〜在时间暂停的洋馆里追寻明天的羔羊们〜,true,
v34004,家喵二三事 Vol. 1,true,
v34032,青蛙锅,true,
v34102,美少女实况主的秘密恋爱,true,
v34121,提早绽放的黑百合,true,
v34136,同级生,true,
v34151,始于谎言的夏日恋情,true,
v34160,Ghostwire: Tokyo - 序幕,true,
v34371,失落天堂,true,
v34803,Lunch with Ronan,true,
v34839,炙热的岛国生活 - 移居成为管理员根本就是来到了天堂 -,true,
v34848,甜蜜夏日,true,
v35021,露娜咖啡馆,true,
v35062,极北的彼岸 -BEYOND THE FAR NORTH-,true,
v35179,恐怖故事 BLOOD -TEARS,true,
v35201,纯纯公主的唇唇 ~无瑕王女的快乐课程~,true,
v35246,导师×催眠2,true,
v35390,Retro Game Aliens,true,
v35407,太太的恢复术,true,
v35499,天作之合的我们 1,true,
v35626,Agent17,true,
v35794,艾丝特的花圃,true,
v35807,离去的人们ZERO Div1,true,
v35882,异世界王国淫乱后宫,true,
v35896,短途旅行,true,
v35899,夏之终熄,true,
v36067,冤罪执行游戏Yurukill,true,
v36175,ROLEPLAYER：山掛姐妹的粘膜游戏,true,
v36246,Tenioha! feat. 真美〜解放你的抖M天性吧〜,true,
v36253,回憶錄,true,
v36280,Teddy的快乐野餐,true,
v36364,女神狩猎,true,
v36586,由善意|With Good Intentions,true,
v36630,心醉魂迷：《黎明杀机》主题恋爱模拟游戏™,true,
v36633,好色的教授,true,
v36650,fault - StP - 光之映像,true,
v36663,病房轶事～在凶恶护士长主宰的医院深渊中过着卧底生活～,true,
v36839,NTR幻想之我的藤木同学,true,
v36908,塞莱斯蒂亚：命运之链,true,
v36909,新婚妻子小惠的堕落,true,
v36972,恐绘 -kyoukai-,true,
v36973,异绘 -ikai-,true,
v36974,生归 -syouki-,true,
v36975,幸绘 -koukai-,true,
v36976,幽绘 -yuukai-,true,
v37016,为主人献上圣罗的甜蜜侍奉,true,
v37073,Mad Room No.3,true,
v37093,Magical Laboratory Safety,true,
v37095,Hero of Minotaurs,true,
v37240,巨乳幽灵尽情抚慰苦逼打工人的性活！～色情的辅佐通通交给我吧～,true,
v37252,从Kiss开始的自我主义～EGOISM～,true,
v37412,beat refle,true,
v37415,公主的乐园,true,
v37475,整个小镇都是我的受孕后宫！,true,
v37557,Deers and Deckards,true,
v37651,纯白交响曲 SANA EDITION,true,
v37716,与鲨鱼共度的七日间,true,
v37768,仙女之秘,true,
v37808,炼爱秘仪,true,
v37843,飞鸟会长不肯认输！,true,
v37921,美好国度的建设方略,true,
v37962,最后的秘密,true,
v38037,废村少女 ～妖异魅惑的笼之乡～,true,
v38091,Ukraine War Stories,true,
v38152,性瘾辣妹COS诱惑,true,
v38314,发明工坊之重建 ～Tristia:restore～,true,
v38429,Hira Hira Hihiru,true,
v38725,希望的百合,true,
v38741,二进制症候群,true,
v38742,若不疯魔何言爱过,true,
v39121,探案法：加拿大档案,true,
v39636,我的巨人朋友,true,
v39649,恋爱少不了撒娇,true,
v39679,叛道武士,true,
v39685,夏色泡影,true,
v39829,东方凋梦录 ～ Fading Illusion,true,
v39872,真实色情游戏情境体验！DT,true,
v39954,异世界病娇魔女三姐妹,true,
v39971,喜爱性的家族,true,
v40058,从画面中出来的我推Vtuber的同居生活 ～兽耳游戏主播是消极者？～,true,
v40240,V.I.R.T.U.E.S. What-If scenario#2 -- The Lesson,true,
v40244,V.I.R.T.U.E.S. What-If scenario#3 -- Legend of Shinyrost,true,
v40245,V.I.R.T.U.E.S. What-If scenario#4 -- Lady and The Butler,true,
v40321,最后一天,true,
v40507,兽娘道☆ Girlish Square 2,true,
v40520,天使☆嚣嚣 RE-BOOT!,true,
v40573,魔法曝光,true,
v40588,浮生千百事 The Wreck,true,
v40605,被傻小子绿了,true,
v40675,兽耳☆训练 ～狂暴兽耳大小姐的养成～,true,
v41339,巧克甜恋3,true,
v41412,月之少女、河中天使与成神之刻。,true,
v41524,悉信安好,true,
v41754,若生命于明日落幕,true,
v41815,少女☆歌剧 Revue Starlight 舞台奏像剧 遥远的黄金国,true,
v41866,常夜相簿,true,
v41878,星舰铳犬 太阳系物语,true,
v41943,巨乳骑士团长是我的肉便器,true,
v42019,永不结束的星期一：梦想与死线,true,
v42045,帝国后宫,true,
v42091,比翼之鸟,true,
v42448,为了当上家主，我从今天开始要和女仆们大干特干,true,
v42561,灵视异闻 FILE23 本所七大不可思议,true,
v42863,Flaming Flagon,true,
v42912,孤寂之地,true,
v42930,我的夏日冒险：另一种生活的回忆,true,
v42945,灾难侦探斎牙～不合理的怪奇事件～,true,
v43131,我的很大你忍一下,true,
v43300,深红之歌,true,
v43312,少女之剑与秘密的协奏曲,true,
v43864,变态道中蛮万岁,true,
v44014,按摩店的性爱 - 灯 -,true,
v44098,我的眼睛能看光光！不可知的未来与透视的命运,true,
v44101,冬日狂想曲,true,
v44173,献给蔚蓝之海的新娘,true,
v44184,美少女万华镜异闻 雪女,true,
v44195,八卦恋爱,true,
v44200,迷醉唇旅 -总编为我退高烧,true,
v44235,我的年假恋爱物语,true,
v44236,辣妈,true,
v44312,抬头只见天花板 Looking Up I See Only A Ceiling,true,
v44517,名为寂寞的药,true,
v44518,我被巨乳 鬼魂袭击了,true,
v44708,一抹紫色,true,
v45126,魔法少女☆Boku,true,
v45308,共生纽带：再续前缘,true,
v45334,交換留学生,true,
v45427,宇宙之轮姐妹会,true,
v45634,超侦探事件簿 雾雨谜宫,true,
v45658,糖糖的心动约会,true,
v45659,__流星,true,
v45680,和姐姐一起。～唯奈的甜蜜全肯定～,true,
v45851,格式塔：五日回,true,
v45939,可溶梦,true,
v46112,被召唤到异世界的淫贱后宫生活,true,
v46137,Kuri Kuri Click! ~我的暑假时光!~,true,
v46264,空洞的胜利,true,
v46373,我曾经的大嫂,true,
v46374,享受这间餐厅吧,true,
v46663,秋空回忆 -命运的地平线-,true,
v46693,兽人化少女,true,
v46763,岛屿,true,
v46769,我与索菲娅的秘密,true,
v46786,幽铃热线,true,
v46834,过去的阴影,true,
v46875,邋遢巨乳姐姐,true,
v46967,探灵直播2,true,
v47056,制服女友,true,
v47129,与那家伙合租房,true,
v47142,妄想凶疗院,true,
v47155,我喜欢的人，喜欢女装的我,true,
v47175,天选庶民的真命之选,true,
v47189,淫荡美少女战士中出性爱,true,
v47203,告别回忆 双想 ～Not always true～,true,
v47342,禁亲圣交苏菈〜亲女儿萝莉飞机杯挑逗诱惑ADV〜,true,
v47374,女巫的故事,true,
v47703,貓戀物語 約定的彼方,true,
v47777,大草原的故事,true,
v47955,神乐创世纪-久远-,true,
v47979,爆乳母狗是我的肉便器,true,
v48012,治療扶她的魔法藥「但是，喝了藥過後就會想要射精想到停不下來」,true,
v48291,凌晨4点不觉间 -虚假世界结局-,true,
v48318,水烟水雾,true,
v48417,骑士团长怀孕了,true,
v48479,度假胜地,true,
v48494,幸运儿,true,
v48495,办公室生活,true,
v48496,甜蜜邻居,true,
v48497,我的小小职业生涯,true,
v48573,向日葵馅饼,true,
v48598,忍堕－女忍调教,true,
v48735,薇薇安与九摩,true,
v49056,丽露娅与夏夏的纯白谎言,true,
v49057,Folie Fatale 致命至爱,true,
v49133,翘屁美臀甜心老板,true,
v49151,Love Live! 虹咲学园校园偶像同好会 心动闪耀的未来蓝图,true,
v49180,有人抱着我,true,
v49187,深夜麻将,true,
v49261,宝石少女 1st.cut:The Reason She Must Perish,true,
v49307,魔饮心语,true,
v49324,尘埃终须落定,true,
v49420,女装百合畑,true,
v49423,东京都市谜案特搜事件簿,true,
v49572,循环支付,true,
v49594,兔子和玉木正在休息中！,true,
v49803,枣之撩乱 -高性能脑筋妖狐的恋爱奇谭-,true,
v49842,为了当上家主，我从今天开始要和女仆们大干特干2,true,
v49893,妹相随～黑白世界的缤纷冒险～,true,
v49954,天籁人偶 无名典礼,true,
v50081,播种之谣,true,
v50141,"已婚妇女的天堂2 -繁殖公寓,让已婚妇女的子宫充满孩子的种子-",true,
v50152,热爱性爱的母女,true,
v50158,亨利的差分眼镜,true,
v50170,野餐症候群,true,
v50260,工作的咲夜小姐,true,
v50292,巨乳魔法少女之鬼畜调教,true,
v50303,屠龙成龙,true,
v50449,"那一天,那一时刻,那一个玩偶",true,
v50460,失乐园歌留多,true,
v50488,Zombie Police ～圣诞节与僵尸共舞～,true,
v50551,探案法：幻象谋杀案,true,
v50576,公主×观众,true,
v50616,我对小小老师一见钟情了,true,
v50643,兔兔秘密花园,true,
v50666,冬季女孩,true,
v50679,Eternal Light 永恒之光,true,
v50735,Staffer Case - 异能缉凶,true,
v50736,异能者重生,true,
v50744,BBirthday,true,
v50779,与米娅的日子,true,
v50789,星之终途后日谈：渺茫希望的日记,true,
v50832,闪耀☆少女,true,
v51021,残音系少年少女,true,
v51024,深渊绝赌：千王处刑,true,
v51071,青春之框,true,
v51143,血色逆旅：我们之间的高墙,true,
v51155,Clover Reset,true,
v51298,流星 -a wish star-,true,
v51670,轻咬丝绒,true,
v51838,Famicom侦探俱乐部 笑脸男ＥＭＩＯ,true,
v51855,魔塔,true,
v51866,魔王瞒着勇者藏起了圣剑,true,
v51902,回臆 PSYCHExFUSE,true,
v51907,潮声小镇,true,
v51932,尖叫声,true,
v51953,終末之森,true,
v52004,两个情人的故事,true,
v52021,肌肉女丽莎养成日记,true,
v52135,魔王大人同居中。 ～与异世界魔王如胶似漆的同居生活～,true,
v52214,Sakura Succubus 9,true,
v52259,兔子爱丽丝漫游奇境记,true,
v52398,Gamer Stories 〜与真实的日本女性玩家约会〜,true,
v52562,戏剧学校,true,
v52611,少年的终结,true,
v52753,我在另一个世界的班级,true,
v52754,Inari,true,
v52806,落虹之海,true,
v52903,悄语承诺DAYS~与杏奈的同居14日~,true,
v53064,Axxx: 教导和性交,true,
v53108,镜花水月-零,true,
v53114,社团学姊,true,
v53139,与魅魔缔结契约的同居生活,true,
v53140,Summer For You,true,
v53259,SpyLens: 聚焦性爱,true,
